dir,country_name_flag
countrys-flags/png/abkhazia.png,abkhazia
countrys-flags/png/afghanistan.png,afghanistan
countrys-flags/png/aland-islands.png,aland islands
countrys-flags/png/albania.png,albania
countrys-flags/png/algeria.png,algeria
countrys-flags/png/american-samoa.png,american samoa
countrys-flags/png/andorra.png,andorra
countrys-flags/png/angola.png,angola
countrys-flags/png/anguilla.png,anguilla
countrys-flags/png/antigua-and-barbuda.png,antigua and barbuda
countrys-flags/png/argentina.png,argentina
countrys-flags/png/armenia.png,armenia
countrys-flags/png/aruba.png,aruba
countrys-flags/png/australia.png,australia
countrys-flags/png/austria.png,austria
countrys-flags/png/azerbaijan.png,azerbaijan
countrys-flags/png/azores-islands.png,azores islands
countrys-flags/png/bahamas.png,bahamas
countrys-flags/png/bahrain.png,bahrain
countrys-flags/png/balearic-islands.png,balearic islands
countrys-flags/png/bangladesh.png,bangladesh
countrys-flags/png/barbados.png,barbados
countrys-flags/png/basque-country.png,basque country
countrys-flags/png/belarus.png,belarus
countrys-flags/png/belgium.png,belgium
countrys-flags/png/belize.png,belize
countrys-flags/png/benin.png,benin
countrys-flags/png/bermuda.png,bermuda
countrys-flags/png/bhutan-1.png,bhutan 1
countrys-flags/png/bhutan.png,bhutan
countrys-flags/png/bolivia.png,bolivia
countrys-flags/png/bonaire.png,bonaire
countrys-flags/png/bosnia-and-herzegovina.png,bosnia and herzegovina
countrys-flags/png/botswana.png,botswana
countrys-flags/png/brazil.png,brazil
countrys-flags/png/british-columbia.png,british columbia
countrys-flags/png/british-virgin-islands.png,british United States Virgin Islands
countrys-flags/png/brunei.png,brunei
countrys-flags/png/bulgaria.png,bulgaria
countrys-flags/png/burkina-faso.png,burkina faso
countrys-flags/png/burundi.png,burundi
countrys-flags/png/cambodia.png,cambodia
countrys-flags/png/cameroon.png,cameroon
countrys-flags/png/canada.png,canada
countrys-flags/png/canary-islands.png,canary islands
countrys-flags/png/cape-verde.png,cape verde
countrys-flags/png/cayman-islands.png,cayman islands
countrys-flags/png/central-african-republic.png,central african republic
countrys-flags/png/ceuta.png,ceuta
countrys-flags/png/chad.png,chad
countrys-flags/png/chile.png,chile
countrys-flags/png/china.png,china
countrys-flags/png/christmas-island.png,christmas island
countrys-flags/png/cocos-island.png,cocos island
countrys-flags/png/colombia.png,colombia
countrys-flags/png/comoros.png,comoros
countrys-flags/png/cook-islands.png,cook islands
countrys-flags/png/corsica.png,corsica
countrys-flags/png/costa-rica.png,costa rica
countrys-flags/png/croatia.png,croatia
countrys-flags/png/cuba.png,cuba
countrys-flags/png/curacao.png,curacao
countrys-flags/png/cyprus.png,cyprus
countrys-flags/png/czech-republic.png,czech republic
countrys-flags/png/democratic-republic-of-congo.png,DR Congo
countrys-flags/png/denmark.png,denmark
countrys-flags/png/djibouti.png,djibouti
countrys-flags/png/dominica.png,dominica
countrys-flags/png/dominican-republic.png,dominican republic
countrys-flags/png/east-timor.png,Timor-Leste
countrys-flags/png/ecuador.png,ecuador
countrys-flags/png/egypt.png,egypt
countrys-flags/png/england.png,england
countrys-flags/png/equatorial-guinea.png,equatorial guinea
countrys-flags/png/eritrea.png,eritrea
countrys-flags/png/estonia.png,estonia
countrys-flags/png/ethiopia.png,ethiopia
countrys-flags/png/european-union.png,european union
countrys-flags/png/falkland-islands.png,falkland islands
countrys-flags/png/faroe-islands.png,faroe islands
countrys-flags/png/fiji.png,fiji
countrys-flags/png/finland.png,finland
countrys-flags/png/france.png,france
countrys-flags/png/french-polynesia.png,french polynesia
countrys-flags/png/gabon.png,gabon
countrys-flags/png/galapagos-islands.png,galapagos islands
countrys-flags/png/gambia.png,gambia
countrys-flags/png/georgia.png,georgia
countrys-flags/png/germany.png,germany
countrys-flags/png/ghana.png,ghana
countrys-flags/png/gibraltar.png,gibraltar
countrys-flags/png/greece.png,greece
countrys-flags/png/greenland.png,greenland
countrys-flags/png/grenada.png,grenada
countrys-flags/png/guam.png,guam
countrys-flags/png/guatemala.png,guatemala
countrys-flags/png/guernsey.png,guernsey
countrys-flags/png/guinea-bissau.png,Guinea-Bissau
countrys-flags/png/guinea.png,guinea
countrys-flags/png/guyana.png,guyana
countrys-flags/png/haiti.png,haiti
countrys-flags/png/hawaii.png,hawaii
countrys-flags/png/honduras.png,honduras
countrys-flags/png/hong-kong.png,hong kong
countrys-flags/png/hungary.png,hungary
countrys-flags/png/iceland.png,iceland
countrys-flags/png/india.png,india
countrys-flags/png/indonesia.png,indonesia
countrys-flags/png/iran.png,iran
countrys-flags/png/iraq.png,iraq
countrys-flags/png/ireland.png,ireland
countrys-flags/png/isle-of-man.png,isle of man
countrys-flags/png/israel.png,israel
countrys-flags/png/italy.png,italy
countrys-flags/png/ivory-coast.png,ivory coast
countrys-flags/png/jamaica.png,jamaica
countrys-flags/png/japan.png,japan
countrys-flags/png/jersey.png,jersey
countrys-flags/png/jordan.png,jordan
countrys-flags/png/kazakhstan.png,kazakhstan
countrys-flags/png/kenya.png,kenya
countrys-flags/png/kiribati.png,kiribati
countrys-flags/png/kosovo.png,kosovo
countrys-flags/png/kuwait.png,kuwait
countrys-flags/png/kyrgyzstan.png,kyrgyzstan
countrys-flags/png/laos.png,laos
countrys-flags/png/latvia.png,latvia
countrys-flags/png/lebanon.png,lebanon
countrys-flags/png/lesotho.png,lesotho
countrys-flags/png/liberia.png,liberia
countrys-flags/png/libya.png,libya
countrys-flags/png/liechtenstein.png,liechtenstein
countrys-flags/png/lithuania.png,lithuania
countrys-flags/png/luxembourg.png,luxembourg
countrys-flags/png/macao.png,Macau
countrys-flags/png/madagascar.png,madagascar
countrys-flags/png/madeira.png,madeira
countrys-flags/png/malawi.png,malawi
countrys-flags/png/malaysia.png,malaysia
countrys-flags/png/maldives.png,maldives
countrys-flags/png/mali.png,mali
countrys-flags/png/malta.png,malta
countrys-flags/png/marshall-island.png,Marshall Islands
countrys-flags/png/martinique.png,martinique
countrys-flags/png/mauritania.png,mauritania
countrys-flags/png/mauritius.png,mauritius
countrys-flags/png/melilla.png,melilla
countrys-flags/png/mexico.png,mexico
countrys-flags/png/micronesia.png,micronesia
countrys-flags/png/moldova.png,moldova
countrys-flags/png/monaco.png,monaco
countrys-flags/png/mongolia.png,mongolia
countrys-flags/png/montenegro.png,montenegro
countrys-flags/png/montserrat.png,montserrat
countrys-flags/png/morocco.png,morocco
countrys-flags/png/mozambique.png,mozambique
countrys-flags/png/myanmar.png,myanmar
countrys-flags/png/namibia.png,namibia
countrys-flags/png/nato.png,nato
countrys-flags/png/nauru.png,nauru
countrys-flags/png/nepal.png,nepal
countrys-flags/png/netherlands.png,netherlands
countrys-flags/png/new-zealand.png,new zealand
countrys-flags/png/nicaragua.png,nicaragua
countrys-flags/png/niger.png,niger
countrys-flags/png/nigeria.png,nigeria
countrys-flags/png/niue.png,niue
countrys-flags/png/norfolk-island.png,norfolk island
countrys-flags/png/north-korea.png,north korea
countrys-flags/png/northen-cyprus.png,northen cyprus
countrys-flags/png/northern-marianas-islands.png,Northern Mariana Islands
countrys-flags/png/norway.png,norway
countrys-flags/png/oman.png,oman
countrys-flags/png/orkney-islands.png,orkney islands
countrys-flags/png/ossetia.png,ossetia
countrys-flags/png/pakistan.png,pakistan
countrys-flags/png/palau.png,palau
countrys-flags/png/palestine.png,palestine
countrys-flags/png/panama.png,panama
countrys-flags/png/papua-new-guinea.png,papua new guinea
countrys-flags/png/paraguay.png,paraguay
countrys-flags/png/peru.png,peru
countrys-flags/png/philippines.png,philippines
countrys-flags/png/pitcairn-islands.png,pitcairn islands
countrys-flags/png/portugal.png,portugal
countrys-flags/png/puerto-rico.png,puerto rico
countrys-flags/png/qatar.png,qatar
countrys-flags/png/rapa-nui.png,rapa nui
countrys-flags/png/republic-of-macedonia.png,republic of macedonia
countrys-flags/png/republic-of-poland.png,republic of poland
countrys-flags/png/republic-of-the-congo.png,republic of the congo
countrys-flags/png/romania.png,romania
countrys-flags/png/russia.png,russia
countrys-flags/png/rwanda.png,rwanda
countrys-flags/png/saba-island.png,saba island
countrys-flags/png/saint-kitts-and-nevis.png,saint kitts and nevis
countrys-flags/png/salvador.png,El Salvador
countrys-flags/png/samoa.png,samoa
countrys-flags/png/san-marino.png,san marino
countrys-flags/png/sao-tome-and-principe.png,sao tome and principe
countrys-flags/png/sardinia.png,sardinia
countrys-flags/png/saudi-arabia.png,saudi arabia
countrys-flags/png/scotland.png,scotland
countrys-flags/png/senegal.png,senegal
countrys-flags/png/serbia.png,serbia
countrys-flags/png/seychelles.png,seychelles
countrys-flags/png/sierra-leone.png,sierra leone
countrys-flags/png/singapore.png,singapore
countrys-flags/png/sint-eustatius.png,sint eustatius
countrys-flags/png/sint-maarten.png,sint maarten
countrys-flags/png/slovakia.png,slovakia
countrys-flags/png/slovenia.png,slovenia
countrys-flags/png/solomon-islands.png,solomon islands
countrys-flags/png/somalia.png,somalia
countrys-flags/png/somaliland.png,somaliland
countrys-flags/png/south-africa.png,south africa
countrys-flags/png/south-korea.png,south korea
countrys-flags/png/south-sudan.png,south sudan
countrys-flags/png/spain.png,spain
countrys-flags/png/sri-lanka.png,sri lanka
countrys-flags/png/st-barts.png,Saint Barth?lemy
countrys-flags/png/st-lucia.png,Saint Lucia
countrys-flags/png/st-vincent-and-the-grenadines.png,Saint Vincent and the Grenadines
countrys-flags/png/sudan.png,sudan
countrys-flags/png/suriname.png,suriname
countrys-flags/png/swaziland.png,swaziland
countrys-flags/png/sweden.png,sweden
countrys-flags/png/switzerland.png,switzerland
countrys-flags/png/syria.png,syria
countrys-flags/png/taiwan.png,taiwan
countrys-flags/png/tajikistan.png,tajikistan
countrys-flags/png/tanzania.png,tanzania
countrys-flags/png/thailand.png,thailand
countrys-flags/png/tibet.png,tibet
countrys-flags/png/togo.png,togo
countrys-flags/png/tokelau.png,tokelau
countrys-flags/png/tonga.png,tonga
countrys-flags/png/transnistria.png,transnistria
countrys-flags/png/trinidad-and-tobago.png,trinidad and tobago
countrys-flags/png/tunisia.png,tunisia
countrys-flags/png/turkey.png,turkey
countrys-flags/png/turkmenistan.png,turkmenistan
countrys-flags/png/turks-and-caicos.png,Turks and Caicos Islands
countrys-flags/png/tuvalu.png,tuvalu
countrys-flags/png/uganda.png,uganda
countrys-flags/png/ukraine.png,ukraine
countrys-flags/png/united-arab-emirates.png,united arab emirates
countrys-flags/png/united-kingdom.png,united kingdom
countrys-flags/png/united-nations.png,united nations
countrys-flags/png/united-states-of-america.png,united states of america
countrys-flags/png/uruguay.png,uruguay
countrys-flags/png/uzbekistn.png,Uzbekistan
countrys-flags/png/vanuatu.png,vanuatu
countrys-flags/png/vatican-city.png,vatican city
countrys-flags/png/venezuela.png,venezuela
countrys-flags/png/vietnam.png,vietnam
countrys-flags/png/virgin-islands.png,United States Virgin Islands
countrys-flags/png/wales.png,wales
countrys-flags/png/western-sahara.png,western sahara
countrys-flags/png/yemen.png,yemen
countrys-flags/png/zambia.png,zambia
countrys-flags/png/zimbabwe.png,zimbabwe
